"Hugo Symbol","Entrez Gene ID","OncoKB Annotated","Is Oncogene","Is Tumor Suppressor Gene"
"ABL1",25,"Yes","Yes","No"
"AKT1",207,"Yes","Yes","No"
"ALK",238,"Yes","Yes","No"
"AMER1",139285,"Yes","No","Yes"
"APC",324,"Yes","No","Yes"
"AR",367,"Yes","Yes","No"
"ARID1A",8289,"Yes","No","Yes"
"ASXL1",171023,"Yes","No","Yes"
"ATM",472,"Yes","No","Yes"
"ATRX",546,"Yes","No","Yes"
"AXIN1",8312,"Yes","No","Yes"
"BAP1",8314,"Yes","No","Yes"
"BCL2",596,"Yes","Yes","No"
"BCOR",54880,"Yes","No","Yes"
"BRAF",673,"Yes","Yes","No"
"BRCA1",672,"Yes","No","Yes"
"BRCA2",675,"Yes","No","Yes"
"CARD11",84433,"Yes","Yes","No"
"CBL",867,"Yes","No","Yes"
"CDC73",79577,"Yes","No","Yes"
"CDH1",999,"Yes","No","Yes"
"CDKN2A",1029,"Yes","No","Yes"
"CEBPA",1050,"Yes","No","Yes"
"CIC",23152,"Yes","No","Yes"
"CREBBP",1387,"Yes","No","Yes"
"CTNNB1",1499,"Yes","Yes","No"
"DAXX",1616,"Yes","No","Yes"
"DNMT3A",1788,"Yes","No","Yes"
"EGFR",1956,"Yes","Yes","No"
"EP300",2033,"Yes","No","Yes"
"ERBB2",2064,"Yes","Yes","No"
"EZH2",2146,"Yes","Yes","Yes"
"FBXW7",55294,"Yes","No","Yes"
"FGFR2",2263,"Yes","Yes","No"
"FGFR3",2261,"Yes","Yes","No"
"FLT3",2322,"Yes","Yes","No"
"FOXL2",668,"Yes","Yes","Yes"
"GATA3",2625,"Yes","Yes","Yes"
"GNA11",2767,"Yes","Yes","No"
"GNAQ",2776,"Yes","Yes","No"
"GNAS",2778,"Yes","Yes","No"
"HNF1A",6927,"Yes","No","Yes"
"HRAS",3265,"Yes","Yes","No"
"IDH1",3417,"Yes","Yes","No"
"IDH2",3418,"Yes","Yes","No"
"JAK1",3716,"Yes","Yes","Yes"
"JAK2",3717,"Yes","Yes","No"
"JAK3",3718,"Yes","Yes","No"
"KDM5C",8242,"Yes","No","Yes"
"KDM6A",7403,"Yes","No","Yes"
"KIT",3815,"Yes","Yes","No"
"KMT2D",8085,"Yes","No","Yes"
"KRAS",3845,"Yes","Yes","No"
"MAP2K1",5604,"Yes","Yes","No"
"MAP3K1",4214,"Yes","No","Yes"
"MED12",9968,"Yes","Yes","Yes"
"MEN1",4221,"Yes","No","Yes"
"MET",4233,"Yes","Yes","No"
"MLH1",4292,"Yes","No","Yes"
"MPL",4352,"Yes","Yes","No"
"MSH2",4436,"Yes","No","Yes"
"MSH6",2956,"Yes","No","Yes"
"MYD88",4615,"Yes","Yes","No"
"NF1",4763,"Yes","No","Yes"
"NF2",4771,"Yes","No","Yes"
"NFE2L2",4780,"Yes","Yes","No"
"NOTCH1",4851,"Yes","Yes","Yes"
"NOTCH2",4853,"Yes","Yes","Yes"
"NPM1",4869,"Yes","No","Yes"
"NRAS",4893,"Yes","Yes","No"
"PAX5",5079,"Yes","No","Yes"
"PBRM1",55193,"Yes","No","Yes"
"PDGFRA",5156,"Yes","Yes","No"
"PIK3CA",5290,"Yes","Yes","No"
"PIK3R1",5295,"Yes","No","Yes"
"PPP2R1A",5518,"Yes","No","Yes"
"PRDM1",639,"Yes","No","Yes"
"PTCH1",5727,"Yes","No","Yes"
"PTEN",5728,"Yes","No","Yes"
"PTPN11",5781,"Yes","Yes","No"
"RB1",5925,"Yes","No","Yes"
"RET",5979,"Yes","Yes","No"
"RNF43",54894,"Yes","No","Yes"
"SETD2",29072,"Yes","No","Yes"
"SF3B1",23451,"Yes","Yes","No"
"SMAD2",4087,"Yes","No","Yes"
"SMAD4",4089,"Yes","No","Yes"
"SMARCA4",6597,"Yes","No","Yes"
"SMARCB1",6598,"Yes","No","Yes"
"SMO",6608,"Yes","Yes","No"
"SOCS1",8651,"Yes","No","Yes"
"SPOP",8405,"Yes","No","Yes"
"STAG2",10735,"Yes","No","Yes"
"STK11",6794,"Yes","No","Yes"
"TET2",54790,"Yes","No","Yes"
"TNFAIP3",7128,"Yes","No","Yes"
"TP53",7157,"Yes","No","Yes"
"TSC1",7248,"Yes","No","Yes"
"U2AF1",7307,"Yes","Yes","No"
"VHL",7428,"Yes","No","Yes"
"WT1",7490,"Yes","Yes","Yes"
"AKT2",208,"Yes","Yes","No"
"ARID2",196528,"Yes","No","Yes"
"ATR",545,"Yes","No","Yes"
"B2M",567,"Yes","No","Yes"
"BARD1",580,"Yes","No","Yes"
"BCL6",604,"Yes","Yes","No"
"BRD4",23476,"Yes","Yes","No"
"BRIP1",83990,"Yes","No","Yes"
"BTK",695,"Yes","Yes","No"
"CALR",811,"Yes","Yes","No"
"CASP8",841,"Yes","No","Yes"
"CBFB",865,"Yes","No","Yes"
"CCND1",595,"Yes","Yes","No"
"CCND2",894,"Yes","Yes","No"
"CCND3",896,"Yes","Yes","No"
"CCNE1",898,"Yes","Yes","No"
"CD274",29126,"Yes","Yes","No"
"CD79A",973,"Yes","Yes","No"
"CD79B",974,"Yes","Yes","No"
"CDK12",51755,"Yes","No","Yes"
"CDK4",1019,"Yes","Yes","No"
"CDK6",1021,"Yes","Yes","No"
"CDKN1B",1027,"Yes","No","Yes"
"CDKN2C",1031,"Yes","No","Yes"
"CHEK2",11200,"Yes","No","Yes"
"CRLF2",64109,"Yes","Yes","No"
"CSF1R",1436,"Yes","No","No"
"CSF3R",1441,"Yes","Yes","No"
"CTCF",10664,"Yes","No","Yes"
"CXCR4",7852,"Yes","Yes","No"
"DDR2",4921,"Yes","Yes","No"
"ERBB3",2065,"Yes","Yes","No"
"ERBB4",2066,"Yes","Yes","No"
"ERG",2078,"Yes","Yes","No"
"ESR1",2099,"Yes","Yes","No"
"ETV6",2120,"Yes","No","Yes"
"FANCA",2175,"Yes","No","Yes"
"FANCC",2176,"Yes","No","Yes"
"FGFR1",2260,"Yes","Yes","No"
"FGFR4",2264,"Yes","Yes","No"
"FLCN",201163,"Yes","No","Yes"
"FUBP1",8880,"Yes","No","Yes"
"GATA1",2623,"Yes","No","No"
"GATA2",2624,"Yes","Yes","No"
"H3-3A",3020,"Yes","Yes","No"
"H3C2",8358,"Yes","No","No"
"IKZF1",10320,"Yes","No","No"
"IRF4",3662,"Yes","Yes","No"
"JUN",3725,"Yes","Yes","No"
"KDM5A",5927,"Yes","Yes","No"
"KDR",3791,"Yes","Yes","No"
"KEAP1",9817,"Yes","No","Yes"
"KMT2A",4297,"Yes","No","Yes"
"KMT2C",58508,"Yes","No","Yes"
"MAP2K2",5605,"Yes","Yes","No"
"MAP2K4",6416,"Yes","No","Yes"
"MAPK1",5594,"Yes","Yes","No"
"MDM2",4193,"Yes","Yes","No"
"MDM4",4194,"Yes","Yes","No"
"MITF",4286,"Yes","Yes","Yes"
"MTOR",2475,"Yes","Yes","No"
"MUTYH",4595,"Yes","No","Yes"
"MYC",4609,"Yes","Yes","No"
"MYCL",4610,"Yes","Yes","No"
"MYCN",4613,"Yes","Yes","No"
"NKX2-1",7080,"Yes","Yes","No"
"NSD2",7468,"Yes","Yes","No"
"NSD3",54904,"Yes","No","No"
"NTRK1",4914,"Yes","Yes","No"
"NTRK3",4916,"Yes","Yes","No"
"PALB2",79728,"Yes","No","Yes"
"PDCD1LG2",80380,"Yes","Yes","No"
"PDGFRB",5159,"Yes","Yes","No"
"PHF6",84295,"Yes","No","Yes"
"PIM1",5292,"Yes","No","No"
"PRKAR1A",5573,"Yes","No","No"
"RAD21",5885,"Yes","No","Yes"
"RAF1",5894,"Yes","Yes","No"
"RARA",5914,"Yes","No","No"
"ROS1",6098,"Yes","Yes","No"
"RUNX1",861,"Yes","No","Yes"
"SDHA",6389,"Yes","No","Yes"
"SDHB",6390,"Yes","No","Yes"
"SDHC",6391,"Yes","No","Yes"
"SDHD",6392,"Yes","No","Yes"
"SOX2",6657,"Yes","Yes","No"
"SPEN",23013,"Yes","No","Yes"
"SRC",6714,"Yes","Yes","No"
"SRSF2",6427,"Yes","No","No"
"STAT3",6774,"Yes","Yes","No"
"SUFU",51684,"Yes","No","Yes"
"SYK",6850,"Yes","Yes","No"
"TENT5C",54855,"Yes","No","Yes"
"TGFBR2",7048,"Yes","No","Yes"
"TMPRSS2",7113,"Yes","No","No"
"TNFRSF14",8764,"Yes","No","Yes"
"TSC2",7249,"Yes","No","Yes"
"TSHR",7253,"Yes","Yes","No"
"XPO1",7514,"Yes","Yes","No"
"AKT3",10000,"Yes","Yes","No"
"ARAF",369,"Yes","Yes","No"
"ARID1B",57492,"Yes","No","Yes"
"AURKA",6790,"Yes","Yes","No"
"AURKB",9212,"Yes","Yes","No"
"AXL",558,"Yes","Yes","No"
"BCL10",8915,"Yes","No","Yes"
"BCORL1",63035,"Yes","No","Yes"
"BCR",613,"Yes","Yes","No"
"BIRC3",330,"Yes","No","No"
"BLM",641,"Yes","No","Yes"
"BTG1",694,"Yes","No","Yes"
"CDK8",1024,"Yes","Yes","No"
"CDKN2B",1030,"Yes","No","Yes"
"CHEK1",1111,"Yes","No","Yes"
"CRKL",1399,"Yes","Yes","No"
"CYLD",1540,"Yes","No","Yes"
"DOT1L",84444,"Yes","Yes","No"
"EED",8726,"Yes","No","Yes"
"EIF4A2",1974,"Yes","Yes","No"
"EPHA3",2042,"Yes","No","Yes"
"EPHB1",2047,"Yes","No","Yes"
"ERCC4",2072,"Yes","No","Yes"
"ETV1",2115,"Yes","Yes","No"
"FAS",355,"Yes","No","Yes"
"FGF19",9965,"Yes","Yes","No"
"FGF3",2248,"Yes","Yes","No"
"FGF4",2249,"Yes","Yes","No"
"FH",2271,"Yes","No","Yes"
"FLT1",2321,"Yes","Yes","No"
"FLT4",2324,"Yes","Yes","No"
"FOXO1",2308,"Yes","No","Yes"
"FOXP1",27086,"Yes","Yes","Yes"
"GRIN2A",2903,"Yes","No","Yes"
"GSK3B",2932,"Yes","Yes","No"
"HGF",3082,"Yes","Yes","No"
"ID3",3399,"Yes","No","Yes"
"IGF1R",3480,"Yes","Yes","No"
"IKBKE",9641,"Yes","Yes","No"
"IL7R",3575,"Yes","Yes","No"
"INPP4B",8821,"Yes","No","Yes"
"IRS2",8660,"Yes","Yes","No"
"KLF4",9314,"Yes","Yes","Yes"
"LMO1",4004,"Yes","Yes","No"
"MALT1",10892,"Yes","No","No"
"MAP3K13",9175,"Yes","Yes","No"
"MCL1",4170,"Yes","Yes","No"
"MEF2B",100271849,"Yes","Yes","No"
"MRE11",4361,"Yes","No","Yes"
"MSH3",4437,"Yes","No","Yes"
"MSI2",124540,"Yes","Yes","No"
"NBN",4683,"Yes","No","Yes"
"NCOR1",9611,"Yes","No","Yes"
"NFKBIA",4792,"Yes","No","Yes"
"NSD1",64324,"Yes","Yes","Yes"
"NT5C2",22978,"Yes","Yes","No"
"NTRK2",4915,"Yes","Yes","No"
"P2RY8",286530,"Yes","No","Yes"
"PDCD1",5133,"Yes","Yes","No"
"PIK3CB",5291,"Yes","Yes","No"
"PMS2",5395,"Yes","No","Yes"
"POLD1",5424,"Yes","No","Yes"
"POLE",5426,"Yes","No","Yes"
"POT1",25913,"Yes","No","Yes"
"PPARG",5468,"Yes","Yes","No"
"RAC1",5879,"Yes","Yes","No"
"RAD51",5888,"Yes","No","Yes"
"RAD51B",5890,"Yes","No","Yes"
"RBM10",8241,"Yes","No","Yes"
"REL",5966,"Yes","Yes","No"
"RHOA",387,"Yes","Yes","No"
"RICTOR",253260,"Yes","Yes","No"
"RPTOR",57521,"Yes","Yes","No"
"SETBP1",26040,"Yes","Yes","No"
"SOX9",6662,"Yes","Yes","Yes"
"STAT5B",6777,"Yes","Yes","No"
"SUZ12",23512,"Yes","No","Yes"
"TBX3",6926,"Yes","No","Yes"
"TCF3",6929,"Yes","No","Yes"
"TERT",7015,"Yes","Yes","No"
"TET1",80312,"Yes","No","Yes"
"TOP1",7150,"Yes","No","Yes"
"TP63",8626,"Yes","Yes","Yes"
"TRAF7",84231,"Yes","No","No"
"ZRSR2",8233,"Yes","No","No"
"ACVR1",90,"Yes","Yes","No"
"ALOX12B",242,"Yes","Yes","Yes"
"AXIN2",8313,"Yes","No","Yes"
"BCL11B",64919,"Yes","No","Yes"
"BCL2L1",598,"Yes","No","No"
"BMPR1A",657,"Yes","No","Yes"
"CDKN1A",1026,"Yes","No","Yes"
"CIITA",4261,"Yes","No","Yes"
"CUL3",8452,"Yes","No","Yes"
"CUX1",1523,"Yes","No","Yes"
"DDX3X",1654,"Yes","No","Yes"
"DICER1",23405,"Yes","No","Yes"
"DIS3",22894,"Yes","No","Yes"
"DNAJB1",3337,"Yes","No","No"
"DNMT1",1786,"Yes","Yes","No"
"DROSHA",29102,"Yes","No","No"
"EPAS1",2034,"Yes","No","No"
"EPHA5",2044,"Yes","No","No"
"EPHA7",2045,"Yes","Yes","Yes"
"ERCC2",2068,"Yes","No","Yes"
"ERCC3",2071,"Yes","No","Yes"
"ERCC5",2073,"Yes","No","Yes"
"ERRFI1",54206,"Yes","No","Yes"
"ETV4",2118,"Yes","Yes","No"
"ETV5",2119,"Yes","Yes","No"
"EWSR1",2130,"Yes","Yes","No"
"FANCD2",2177,"Yes","No","Yes"
"FAT1",2195,"Yes","No","Yes"
"FBXO11",80204,"Yes","No","Yes"
"FOXA1",3169,"Yes","Yes","Yes"
"GLI1",2735,"Yes","Yes","No"
"GNA13",10672,"Yes","Yes","No"
"H1-2",3006,"Yes","No","No"
"H3-3B",3021,"Yes","No","No"
"HDAC1",3065,"Yes","Yes","No"
"HLA-A",3105,"Yes","No","Yes"
"INHBA",3624,"Yes","Yes","Yes"
"LATS1",9113,"Yes","No","Yes"
"LATS2",26524,"Yes","No","Yes"
"LYN",4067,"Yes","Yes","No"
"MAF",4094,"Yes","No","No"
"MAP3K14",9020,"Yes","Yes","No"
"MAX",4149,"Yes","No","Yes"
"MLLT1",4298,"Yes","No","No"
"MST1R",4486,"Yes","Yes","No"
"MYOD1",4654,"Yes","No","Yes"
"NCOR2",9612,"Yes","No","No"
"NOTCH3",4854,"Yes","Yes","Yes"
"NUP93",9688,"Yes","No","No"
"PARP1",142,"Yes","No","Yes"
"PHOX2B",8929,"Yes","No","Yes"
"PIK3C2G",5288,"Yes","No","No"
"PIK3CG",5294,"Yes","Yes","No"
"PIK3R2",5296,"Yes","No","Yes"
"PLCG2",5336,"Yes","Yes","No"
"PPM1D",8493,"Yes","Yes","No"
"PPP6C",5537,"Yes","No","Yes"
"PREX2",80243,"Yes","No","No"
"PRKCI",5584,"Yes","Yes","No"
"PRKN",5071,"Yes","No","Yes"
"PTPRT",11122,"Yes","No","Yes"
"RAD50",10111,"Yes","No","Yes"
"RAD51C",5889,"Yes","No","Yes"
"RAD51D",5892,"Yes","No","Yes"
"RAD52",5893,"Yes","No","No"
"RAD54L",8438,"Yes","No","No"
"RECQL4",9401,"Yes","No","Yes"
"RUNX1T1",862,"Yes","Yes","No"
"SDHAF2",54949,"Yes","No","Yes"
"SGK1",6446,"Yes","Yes","No"
"SH2B3",10019,"Yes","No","Yes"
"SMAD3",4088,"Yes","No","Yes"
"SMARCD1",6602,"Yes","No","No"
"STAT5A",6776,"Yes","Yes","No"
"STAT6",6778,"Yes","Yes","No"
"TBL1XR1",79718,"Yes","No","Yes"
"TCF7L2",6934,"Yes","No","Yes"
"TEK",7010,"Yes","No","No"
"TMEM127",55654,"Yes","No","Yes"
"TRAF2",7186,"Yes","No","No"
"VEGFA",7422,"Yes","Yes","No"
"WWTR1",25937,"Yes","Yes","No"
"XRCC2",7516,"Yes","No","Yes"
"ZFHX3",463,"Yes","No","Yes"
"ABL2",27,"Yes","Yes","No"
"ABRAXAS1",84142,"Yes","No","Yes"
"AGO2",27161,"Yes","No","No"
"ANKRD11",29123,"Yes","No","Yes"
"ARID5B",84159,"Yes","No","Yes"
"ASXL2",55252,"Yes","No","Yes"
"ATF1",466,"Yes","Yes","No"
"BABAM1",29086,"Yes","No","No"
"BBC3",27113,"Yes","No","Yes"
"BCL2L11",10018,"Yes","No","Yes"
"BCL9",607,"Yes","Yes","No"
"CARM1",10498,"Yes","No","No"
"CCNQ",92002,"Yes","No","Yes"
"CD276",80381,"Yes","Yes","No"
"CD58",965,"Yes","No","Yes"
"CDC42",998,"Yes","Yes","No"
"CENPA",1058,"Yes","No","No"
"COP1",64326,"Yes","Yes","No"
"CSDE1",7812,"Yes","No","No"
"CTLA4",1493,"Yes","Yes","No"
"CYSLTR2",57105,"Yes","Yes","No"
"DCUN1D1",54165,"Yes","Yes","No"
"DDIT3",1649,"Yes","No","No"
"DEK",7913,"Yes","Yes","No"
"DNMT3B",1789,"Yes","No","Yes"
"DTX1",1840,"Yes","No","Yes"
"DUSP22",56940,"Yes","No","Yes"
"DUSP4",1846,"Yes","No","Yes"
"E2F3",1871,"Yes","Yes","No"
"EGFL7",51162,"Yes","Yes","No"
"EIF1AX",1964,"Yes","No","No"
"EIF4E",1977,"Yes","Yes","No"
"ELF3",1999,"Yes","Yes","Yes"
"ELOC",6921,"Yes","No","No"
"EPCAM",4072,"Yes","No","Yes"
"ERF",2077,"Yes","No","Yes"
"ETNK1",55500,"Yes","No","No"
"EZH1",2145,"Yes","Yes","No"
"FANCG",2189,"No","No","No"
"FANCL",55120,"Yes","No","Yes"
"FEV",54738,"Yes","No","No"
"FLI1",2313,"Yes","Yes","No"
"FYN",2534,"Yes","Yes","No"
"GNA12",2768,"Yes","Yes","No"
"GNB1",2782,"Yes","Yes","No"
"GPS2",2874,"Yes","No","Yes"
"GREM1",26585,"Yes","Yes","No"
"H1-3",3007,"Yes","No","Yes"
"H1-4",3008,"Yes","Yes","No"
"H2AC11",8969,"Yes","No","No"
"H2AC16",8332,"Yes","No","No"
"H2AC17",8336,"Yes","Yes","No"
"H2AC6",8334,"Yes","No","No"
"H2BC11",8970,"Yes","No","No"
"H2BC12",85236,"Yes","No","No"
"H2BC17",8348,"Yes","No","No"
"H2BC4",8347,"Yes","No","No"
"H2BC5",3017,"Yes","No","No"
"H3-4",8290,"Yes","No","No"
"H3-5",440093,"Yes","No","No"
"H3C1",8350,"Yes","No","No"
"H3C10",8357,"Yes","No","No"
"H3C11",8354,"Yes","No","No"
"H3C12",8356,"Yes","No","No"
"H3C13",653604,"Yes","No","No"
"H3C14",126961,"Yes","No","No"
"H3C3",8352,"Yes","No","No"
"H3C4",8351,"Yes","No","No"
"H3C6",8353,"Yes","No","No"
"H3C7",8968,"Yes","No","No"
"H3C8",8355,"Yes","No","No"
"HDAC4",9759,"Yes","Yes","Yes"
"HDAC7",51564,"Yes","Yes","No"
"HIF1A",3091,"Yes","Yes","No"
"HLA-B",3106,"Yes","No","Yes"
"HOXB13",10481,"Yes","Yes","Yes"
"ICOSLG",23308,"Yes","Yes","No"
"IFNGR1",3459,"Yes","No","Yes"
"IGF1",3479,"Yes","Yes","No"
"IGF2",3481,"Yes","Yes","No"
"IKZF3",22806,"Yes","Yes","Yes"
"IL10",3586,"Yes","No","No"
"INHA",3623,"Yes","No","Yes"
"INPP4A",3631,"Yes","No","No"
"INPPL1",3636,"Yes","No","Yes"
"INSR",3643,"Yes","Yes","No"
"IRF1",3659,"Yes","No","Yes"
"IRF8",3394,"Yes","No","Yes"
"IRS1",3667,"Yes","Yes","No"
"JARID2",3720,"Yes","Yes","Yes"
"KAT6A",7994,"Yes","No","No"
"KMT2B",9757,"Yes","No","Yes"
"KMT5A",387893,"Yes","No","No"
"KNSTRN",90417,"Yes","No","No"
"LCK",3932,"Yes","Yes","No"
"LMO2",4005,"Yes","Yes","No"
"LZTR1",8216,"Yes","No","Yes"
"MAFB",9935,"Yes","Yes","No"
"MAPK3",5595,"Yes","Yes","No"
"MAPKAP1",79109,"Yes","No","No"
"MDC1",9656,"Yes","No","No"
"MECOM",2122,"Yes","Yes","No"
"MGA",23269,"Yes","No","Yes"
"MLLT10",8028,"Yes","Yes","No"
"MSI1",4440,"Yes","Yes","No"
"MST1",4485,"Yes","No","Yes"
"MTAP",4507,"Yes","No","Yes"
"MYB",4602,"No","No","No"
"NCOA3",8202,"Yes","Yes","No"
"NCSTN",23385,"Yes","Yes","No"
"NEGR1",257194,"Yes","No","No"
"NKX3-1",4824,"Yes","No","Yes"
"NOTCH4",4855,"Yes","Yes","Yes"
"NR4A3",8013,"Yes","Yes","No"
"NTHL1",4913,"Yes","No","Yes"
"NUF2",83540,"Yes","Yes","No"
"NUP98",4928,"Yes","Yes","No"
"NUTM1",256646,"Yes","No","No"
"PAK1",5058,"Yes","Yes","No"
"PAK5",57144,"Yes","Yes","No"
"PCBP1",5093,"Yes","No","No"
"PDGFB",5155,"Yes","Yes","No"
"PDPK1",5170,"Yes","No","No"
"PGR",5241,"Yes","Yes","No"
"PIK3C3",5289,"Yes","No","No"
"PIK3CD",5293,"Yes","Yes","No"
"PIK3R3",8503,"Yes","No","Yes"
"PLCG1",5335,"Yes","Yes","No"
"PLK2",10769,"Yes","No","No"
"PMAIP1",5366,"Yes","No","Yes"
"PMS1",5378,"Yes","No","Yes"
"PNRC1",10957,"Yes","No","No"
"PPP4R2",151987,"Yes","No","No"
"PRDM14",63978,"Yes","No","No"
"PRKD1",5587,"Yes","No","No"
"PTP4A1",7803,"Yes","No","No"
"PTPN2",5771,"Yes","No","Yes"
"PTPRD",5789,"Yes","No","Yes"
"PTPRS",5802,"Yes","No","Yes"
"RAB35",11021,"Yes","Yes","No"
"RAC2",5880,"Yes","Yes","No"
"RASA1",5921,"Yes","No","Yes"
"RBM15",64783,"Yes","Yes","Yes"
"RECQL",5965,"Yes","No","Yes"
"RHEB",6009,"Yes","Yes","No"
"RIT1",6016,"Yes","Yes","No"
"RPS6KA4",8986,"Yes","Yes","No"
"RPS6KB2",6199,"Yes","Yes","No"
"RRAGC",64121,"Yes","Yes","No"
"RRAS",6237,"Yes","Yes","No"
"RRAS2",22800,"Yes","Yes","No"
"RTEL1",51750,"Yes","No","Yes"
"RXRA",6256,"Yes","No","No"
"RYBP",23429,"Yes","No","Yes"
"SESN1",27244,"Yes","No","Yes"
"SESN2",83667,"Yes","No","Yes"
"SESN3",143686,"Yes","No","Yes"
"SETDB1",9869,"Yes","Yes","Yes"
"SH2D1A",4068,"Yes","No","Yes"
"SHOC2",8036,"Yes","Yes","No"
"SHQ1",55164,"Yes","No","Yes"
"SLX4",84464,"Yes","No","Yes"
"SMARCE1",6605,"Yes","Yes","Yes"
"SMC1A",8243,"Yes","No","Yes"
"SMC3",9126,"Yes","No","Yes"
"SMYD3",64754,"Yes","Yes","No"
"SOS1",6654,"Yes","Yes","No"
"SOX17",64321,"Yes","No","Yes"
"SPRED1",161742,"Yes","No","Yes"
"SS18",6760,"Yes","Yes","No"
"STK19",8859,"Yes","Yes","No"
"STK40",83931,"Yes","No","No"
"TAL1",6886,"Yes","Yes","No"
"TAP1",6890,"Yes","No","No"
"TAP2",6891,"Yes","No","No"
"TCL1A",8115,"Yes","Yes","No"
"TFE3",7030,"Yes","Yes","No"
"TGFBR1",7046,"Yes","No","Yes"
"TLX1",3195,"Yes","Yes","No"
"TLX3",30012,"Yes","Yes","No"
"TP53BP1",7158,"Yes","No","Yes"
"TRAF3",7187,"Yes","No","Yes"
"TRAF5",7188,"Yes","No","Yes"
"TYK2",7297,"Yes","Yes","No"
"U2AF2",11338,"Yes","No","No"
"UBR5",51366,"Yes","Yes","No"
"UPF1",5976,"Yes","No","No"
"USP8",9101,"Yes","Yes","No"
"VTCN1",79679,"Yes","No","No"
"XBP1",7494,"Yes","Yes","No"
"XIAP",331,"Yes","Yes","No"
"YAP1",10413,"Yes","Yes","No"
"YES1",7525,"Yes","Yes","No"
"ABI1",10006,"No","No","No"
"ACTG1",71,"Yes","No","Yes"
"ACVR1B",91,"No","No","No"
"AFDN",4301,"No","No","No"
"AFF1",4299,"No","No","No"
"AFF4",27125,"No","No","No"
"AGO1",26523,"Yes","Yes","No"
"ALB",213,"Yes","No","No"
"APLNR",187,"Yes","Yes","Yes"
"ARFRP1",10139,"No","No","No"
"ARHGAP26",23092,"No","No","No"
"ARHGAP35",2909,"Yes","Yes","Yes"
"ARHGEF12",23365,"No","No","No"
"ARHGEF28",64283,"Yes","Yes","No"
"ARID3A",1820,"Yes","No","Yes"
"ARID3B",10620,"Yes","Yes","No"
"ARID3C",138715,"Yes","No","No"
"ARID4A",5926,"Yes","No","Yes"
"ARID4B",51742,"Yes","No","Yes"
"ARID5A",10865,"Yes","No","No"
"ARNT",405,"No","No","No"
"ATIC",471,"No","No","No"
"ATP6AP1",537,"Yes","No","No"
"ATP6V1B2",526,"Yes","No","Yes"
"ATXN2",6311,"Yes","No","Yes"
"ATXN7",6314,"Yes","Yes","No"
"BACH2",60468,"Yes","No","Yes"
"BCL11A",53335,"No","No","No"
"BCL2L2",599,"No","No","No"
"BCL3",602,"No","No","No"
"BCL7A",605,"No","No","No"
"BTG2",7832,"No","No","No"
"CAMTA1",23261,"No","No","No"
"CARS1",833,"No","No","No"
"CBFA2T3",863,"No","No","No"
"CD22",933,"No","No","No"
"CD28",940,"Yes","Yes","No"
"CD70",970,"No","No","No"
"CD74",972,"No","No","No"
"CDX2",1045,"No","No","No"
"CEP43",11116,"No","No","No"
"CLTC",1213,"No","No","No"
"CLTCL1",8218,"No","No","No"
"CMTR2",55783,"Yes","No","Yes"
"CNTRL",11064,"No","No","No"
"COL1A1",1277,"No","No","No"
"CRBN",51185,"Yes","No","Yes"
"CREB1",1385,"Yes","Yes","No"
"CREB3L1",90993,"No","No","No"
"CREB3L2",64764,"No","No","No"
"CTNNA1",1495,"No","No","No"
"CTR9",9646,"Yes","No","Yes"
"CYP19A1",1588,"Yes","Yes","No"
"DDX10",1662,"No","No","No"
"DDX6",1656,"No","No","No"
"DNM2",1785,"No","No","No"
"EBF1",1879,"No","No","No"
"ECT2L",345930,"Yes","No","Yes"
"EGR1",1958,"Yes","No","Yes"
"ELF4",2000,"No","No","No"
"ELL",8178,"No","No","No"
"EML4",27436,"No","No","No"
"EMSY",56946,"No","No","No"
"EP400",57634,"Yes","No","Yes"
"EPOR",2057,"Yes","Yes","No"
"EPS15",2060,"No","No","No"
"ESCO2",157570,"Yes","No","Yes"
"ETAA1",54465,"Yes","No","Yes"
"EZHIP",340602,"Yes","Yes","No"
"EZR",7430,"No","No","No"
"FANCE",2178,"No","No","No"
"FANCF",2188,"No","No","No"
"FCGR2B",2213,"No","No","No"
"FCRL4",83417,"No","No","No"
"FGF10",2255,"No","No","No"
"FGF14",2259,"No","No","No"
"FGF23",8074,"No","No","No"
"FGF6",2251,"No","No","No"
"FHIT",2272,"No","No","No"
"FOXF1",2294,"Yes","Yes","Yes"
"FOXO3",2309,"No","No","No"
"FOXO4",4303,"No","No","No"
"FSTL3",10272,"No","No","No"
"FURIN",5045,"Yes","Yes","No"
"FUS",2521,"No","No","No"
"GAB1",2549,"Yes","Yes","No"
"GAB2",9846,"Yes","Yes","No"
"GAS7",8522,"No","No","No"
"GID4",79018,"No","No","No"
"GPHN",10243,"No","No","No"
"GTF2I",2969,"Yes","Yes","No"
"H1-5",3009,"Yes","No","Yes"
"H2BC8",8339,"Yes","No","No"
"H4C9",8294,"No","No","No"
"HERPUD1",9709,"No","No","No"
"HEY1",23462,"No","No","No"
"HIP1",3092,"No","No","No"
"HLA-C",3107,"Yes","No","Yes"
"HLF",3131,"No","No","No"
"HMGA1",3159,"No","No","No"
"HMGA2",8091,"No","No","No"
"HOXA11",3207,"No","No","No"
"HOXA13",3209,"No","No","No"
"HOXA9",3205,"No","No","No"
"HOXC11",3227,"No","No","No"
"HOXC13",3229,"No","No","No"
"HOXD11",3237,"No","No","No"
"HOXD13",3239,"No","No","No"
"HSP90AA1",3320,"No","No","No"
"HSP90AB1",3326,"No","No","No"
"IGH",3492,"No","No","No"
"IGK",50802,"No","No","No"
"IGL",3535,"No","No","No"
"IL21R",50615,"No","No","No"
"IL3",3562,"Yes","Yes","No"
"ITK",3702,"No","No","No"
"KBTBD4",55709,"Yes","No","No"
"KDSR",2531,"No","No","No"
"KIF5B",3799,"No","No","No"
"KLF5",688,"Yes","Yes","No"
"KLHL6",89857,"No","No","No"
"KSR2",283455,"Yes","Yes","No"
"LASP1",3927,"No","No","No"
"LEF1",51176,"No","No","No"
"LPP",4026,"No","No","No"
"LRP1B",53353,"No","No","No"
"LTB",4050,"Yes","Yes","Yes"
"LYL1",4066,"No","No","No"
"MAD2L2",10459,"Yes","Yes","Yes"
"MGAM",8972,"Yes","Yes","No"
"MLF1",4291,"No","No","No"
"MLLT3",4300,"No","No","No"
"MLLT6",4302,"No","No","No"
"MN1",4330,"No","No","No"
"MOB3B",79817,"Yes","No","Yes"
"MPEG1",219972,"Yes","No","No"
"MRTFA",57591,"No","No","No"
"MSN",4478,"No","No","No"
"MUC1",4582,"No","No","No"
"MYH11",4629,"No","No","No"
"MYH9",4627,"No","No","No"
"NADK",65220,"Yes","Yes","No"
"NCOA2",10499,"No","No","No"
"NDRG1",10397,"No","No","No"
"NFE2",4778,"Yes","Yes","No"
"NFKB2",4791,"No","No","No"
"NIN",51199,"No","No","No"
"NRG1",3084,"Yes","Yes","No"
"NUMA1",4926,"No","No","No"
"NUP214",8021,"No","No","No"
"NUTM2A",728118,"No","No","No"
"PAFAH1B2",5049,"No","No","No"
"PAX3",5077,"No","No","No"
"PAX7",5081,"No","No","No"
"PAX8",7849,"Yes","Yes","No"
"PBX1",5087,"No","No","No"
"PCM1",5108,"No","No","No"
"PDE4DIP",9659,"No","No","No"
"PDK1",5163,"No","No","No"
"PDS5B",23047,"Yes","No","Yes"
"PER1",5187,"No","No","No"
"PGBD5",79605,"Yes","Yes","No"
"PICALM",8301,"No","No","No"
"PIGA",5277,"Yes","No","Yes"
"PLAG1",5324,"No","No","No"
"PML",5371,"No","No","No"
"POU2AF1",5450,"No","No","No"
"PPP2R2A",5520,"Yes","No","Yes"
"PRDM16",63976,"No","No","No"
"PRKACA",5566,"Yes","Yes","No"
"PRRX1",5396,"No","No","No"
"PSIP1",11168,"No","No","No"
"PTPN1",5770,"Yes","Yes","Yes"
"PTPRO",5800,"No","No","No"
"QKI",9444,"No","No","No"
"RABEP1",9135,"No","No","No"
"RAP1GDS1",5910,"No","No","No"
"RELN",5649,"Yes","No","No"
"REST",5978,"Yes","No","Yes"
"RHOH",399,"No","No","No"
"RNF213",57674,"No","No","No"
"ROBO1",6091,"Yes","No","Yes"
"RPL22",6146,"No","No","No"
"RPN1",6184,"No","No","No"
"RSPO2",340419,"No","No","No"
"SAMHD1",25939,"Yes","No","Yes"
"SCG5",6447,"Yes","Yes","No"
"SDC4",6385,"No","No","No"
"SERPINB3",6317,"Yes","Yes","Yes"
"SERPINB4",6318,"Yes","No","No"
"SET",6418,"No","No","No"
"SETD1A",9739,"Yes","Yes","No"
"SETD1B",23067,"Yes","No","No"
"SETD3",84193,"Yes","No","No"
"SETD4",54093,"Yes","No","No"
"SETD5",55209,"Yes","No","No"
"SETD6",79918,"Yes","No","No"
"SETD7",80854,"Yes","No","No"
"SETDB2",83852,"Yes","No","Yes"
"SH3GL1",6455,"No","No","No"
"SLC34A2",10568,"No","No","No"
"SLFN11",91607,"Yes","No","Yes"
"SMARCA2",6595,"Yes","No","Yes"
"SMG1",23049,"Yes","No","Yes"
"SOCS3",9021,"Yes","No","Yes"
"SP140",11262,"Yes","No","Yes"
"SPRTN",83932,"Yes","No","Yes"
"SRSF3",6428,"No","No","No"
"SSX1",6756,"No","No","No"
"SSX2",6757,"No","No","No"
"SSX4",6759,"No","No","No"
"STAG1",10274,"Yes","No","Yes"
"TAF15",8148,"No","No","No"
"TAL2",6887,"No","No","No"
"TET3",200424,"Yes","No","Yes"
"TFG",10342,"No","No","No"
"TNFRSF17",608,"No","No","No"
"TPM3",7170,"No","No","No"
"TPM4",7171,"No","No","No"
"TRA",6955,"Yes","Yes","No"
"TRB",6957,"Yes","Yes","No"
"TRD",6964,"Yes","Yes","No"
"TRG",6965,"Yes","Yes","No"
"TRIM24",8805,"No","No","No"
"TRIP11",9321,"No","No","No"
"TRIP13",9319,"Yes","Yes","Yes"
"USP6",9098,"No","No","No"
"VAV1",7409,"Yes","Yes","No"
"VAV2",7410,"Yes","Yes","No"
"WIF1",11197,"Yes","No","Yes"
"ZBTB16",7704,"No","No","No"
"ZMYM2",7750,"No","No","No"
"ZNF217",7764,"No","No","No"
"ZNF384",171017,"No","No","No"
"ZNF521",25925,"No","No","No"
"ZNF703",80139,"No","No","No"
"ZNRF3",84133,"Yes","No","Yes"
"ACKR3",57007,"No","No","No"
"ACSL3",2181,"No","No","No"
"ACSL6",23305,"No","No","No"
"ACTB",60,"No","No","No"
"ACVR2A",92,"No","No","No"
"ADGRA2",25960,"No","No","No"
"AFF3",3899,"No","No","No"
"AJUBA",84962,"Yes","No","Yes"
"APH1A",51107,"No","No","No"
"APOBEC3B",9582,"No","No","No"
"ASMTL",8623,"No","No","No"
"ASPSCR1",79058,"No","No","No"
"ATG5",9474,"No","No","No"
"ATP1A1",476,"No","No","No"
"ATP2B3",492,"No","No","No"
"BAX",581,"No","No","No"
"BCL9L",283149,"No","No","No"
"BRD3",8019,"No","No","No"
"BRSK1",84446,"No","No","No"
"BTLA",151888,"No","No","No"
"BUB1B",701,"No","No","No"
"CACNA1D",776,"No","No","No"
"CAD",790,"No","No","No"
"CANT1",124583,"No","No","No"
"CBLB",868,"No","No","No"
"CBLC",23624,"No","No","No"
"CCDC6",8030,"No","No","No"
"CCN6",8838,"No","No","No"
"CCNB1IP1",57820,"No","No","No"
"CCNB3",85417,"Yes","Yes","No"
"CCT6B",10693,"No","No","No"
"CD36",948,"No","No","No"
"CDH11",1009,"No","No","No"
"CHCHD7",79145,"No","No","No"
"CHD2",1106,"No","No","No"
"CHD4",1108,"No","No","No"
"CHIC2",26511,"No","No","No"
"CHN1",1123,"No","No","No"
"CILK1",22858,"No","No","No"
"CKS1B",1163,"No","No","No"
"CLIP1",6249,"No","No","No"
"CLP1",10978,"No","No","No"
"CNBP",7555,"No","No","No"
"CNOT3",4849,"No","No","No"
"COL2A1",1280,"No","No","No"
"CPS1",1373,"No","No","No"
"CRTC1",23373,"No","No","No"
"CRTC3",64784,"No","No","No"
"CSF1",1435,"No","No","No"
"CUL4A",8451,"No","No","No"
"CYP17A1",1586,"No","No","No"
"DAZAP1",26528,"Yes","No","No"
"DCTN1",1639,"No","No","No"
"DDB2",1643,"No","No","No"
"DDR1",780,"No","No","No"
"DDX4",54514,"Yes","Yes","No"
"DDX41",51428,"Yes","No","Yes"
"DDX5",1655,"No","No","No"
"DKK1",22943,"Yes","No","No"
"DKK2",27123,"Yes","No","No"
"DKK3",27122,"Yes","No","No"
"DKK4",27121,"Yes","No","No"
"DUSP2",1844,"No","No","No"
"DUSP9",1852,"No","No","No"
"EIF3E",3646,"No","No","No"
"ELK4",2005,"No","No","No"
"ELN",2006,"No","No","No"
"ELP2",55250,"No","No","No"
"EPHB4",2050,"No","No","No"
"ERC1",23085,"No","No","No"
"ETS1",2113,"No","No","No"
"EXOSC6",118460,"No","No","No"
"EXT1",2131,"No","No","No"
"EXT2",2132,"No","No","No"
"FAF1",11124,"No","No","No"
"FAT4",79633,"No","No","No"
"FBXO31",79791,"No","No","No"
"FES",2242,"No","No","No"
"FGF12",2257,"No","No","No"
"FIP1L1",81608,"No","No","No"
"FLYWCH1",84256,"No","No","No"
"FNBP1",23048,"No","No","No"
"FRS2",10818,"No","No","No"
"GABRA6",2559,"No","No","No"
"GADD45B",4616,"No","No","No"
"GATA4",2626,"No","No","No"
"GATA6",2627,"No","No","No"
"GMPS",8833,"No","No","No"
"GOLGA5",9950,"No","No","No"
"GOPC",57120,"No","No","No"
"GPC3",2719,"No","No","No"
"GRM3",2913,"No","No","No"
"GTSE1",51512,"No","No","No"
"H3C15",333932,"Yes","No","No"
"H3P6",440926,"Yes","No","No"
"HIRA",7290,"No","No","No"
"HNRNPA2B1",3181,"No","No","No"
"HOOK3",84376,"No","No","No"
"HOXA3",3200,"No","No","No"
"HSD3B1",3283,"No","No","No"
"IKBKB",3551,"No","No","No"
"IKZF2",22807,"No","No","No"
"IL2",3558,"No","No","No"
"IL6ST",3572,"No","No","No"
"INPP5D",3635,"No","No","No"
"IRF2",3660,"No","No","No"
"IRS4",8471,"No","No","No"
"JAZF1",221895,"No","No","No"
"KAT6B",23522,"No","No","No"
"KCNJ5",3762,"No","No","No"
"KDM2B",84678,"No","No","No"
"KDM4C",23081,"No","No","No"
"KEL",3792,"No","No","No"
"KLF2",10365,"Yes","No","Yes"
"KLF3",51274,"Yes","No","Yes"
"KLF6",1316,"No","No","No"
"KLK2",3817,"No","No","No"
"KNL1",57082,"No","No","No"
"KTN1",3895,"No","No","No"
"LARP4B",23185,"Yes","No","No"
"LCP1",3936,"No","No","No"
"LIFR",3977,"No","No","No"
"LMNA",4000,"No","No","No"
"LRIG3",121227,"No","No","No"
"LRP5",4041,"Yes","Yes","Yes"
"LRP6",4040,"Yes","Yes","No"
"LRRK2",120892,"No","No","No"
"LTK",4058,"No","No","No"
"MAGED1",9500,"No","No","No"
"MAML2",84441,"No","No","No"
"MAP3K6",9064,"No","No","No"
"MAP3K7",6885,"No","No","No"
"MBD6",114785,"Yes","No","Yes"
"MDS2",259283,"No","No","No"
"MEF2C",4208,"No","No","No"
"MEF2D",4209,"Yes","Yes","No"
"MERTK",10461,"No","No","No"
"MIB1",57534,"No","No","No"
"MIDEAS",91748,"Yes","No","Yes"
"MKI67",4288,"No","No","No"
"MKNK1",8569,"No","No","No"
"MLLT11",10962,"No","No","No"
"MNX1",3110,"No","No","No"
"MTCP1",4515,"No","No","No"
"MYO18A",399687,"No","No","No"
"MYO5A",4644,"No","No","No"
"NAB2",4665,"No","No","No"
"NACA",4666,"No","No","No"
"NBEAP1",606,"No","No","No"
"NCOA1",8648,"No","No","No"
"NCOA4",8031,"No","No","No"
"NFATC2",4773,"No","No","No"
"NFIB",4781,"No","No","No"
"NFKBIE",4794,"No","No","No"
"NOD1",10392,"No","No","No"
"NONO",4841,"No","No","No"
"NUTM2B",729262,"No","No","No"
"OLIG2",10215,"No","No","No"
"OMD",4958,"No","No","No"
"PAG1",55824,"No","No","No"
"PAK3",5063,"No","No","No"
"PARP2",10038,"No","No","No"
"PARP3",10039,"No","No","No"
"PASK",23178,"No","No","No"
"PATZ1",23598,"No","No","No"
"PC",5091,"No","No","No"
"PCLO",27445,"No","No","No"
"PCSK7",9159,"No","No","No"
"PDCD11",22984,"No","No","No"
"PHF1",5252,"No","No","No"
"PIK3C2B",5287,"No","No","No"
"POLQ",10721,"No","No","No"
"POU5F1",5460,"No","No","No"
"PPFIBP1",8496,"No","No","No"
"PPP1CB",5500,"No","No","No"
"PRCC",5546,"No","No","No"
"PRF1",5551,"No","No","No"
"PRKDC",5591,"No","No","No"
"PRSS1",5644,"Yes","No","No"
"PRSS8",5652,"No","No","No"
"PTK6",5753,"No","No","No"
"PTK7",5754,"No","No","No"
"PTPN13",5783,"No","No","No"
"PTPN6",5777,"No","No","No"
"PTPRB",5787,"No","No","No"
"PTPRC",5788,"No","No","No"
"PTPRK",5796,"No","No","No"
"RALGDS",5900,"No","No","No"
"RANBP2",5903,"No","No","No"
"RASGEF1A",221002,"No","No","No"
"RMI2",116028,"No","No","No"
"RNF217-AS1",7955,"No","No","No"
"RPL10",6134,"No","No","No"
"RPL5",6125,"No","No","No"
"RSPO3",84870,"No","No","No"
"RUNX2",860,"No","No","No"
"S1PR2",9294,"No","No","No"
"SALL4",57167,"No","No","No"
"SBDS",51119,"No","No","No"
"SEC31A",22872,"No","No","No"
"SEPTIN5",5413,"No","No","No"
"SEPTIN6",23157,"No","No","No"
"SEPTIN9",10801,"No","No","No"
"SERP2",387923,"No","No","No"
"SFPQ",6421,"No","No","No"
"SFRP1",6422,"Yes","No","Yes"
"SFRP2",6423,"Yes","Yes","Yes"
"SFRP4",6424,"No","No","No"
"SIX1",6495,"No","No","No"
"SLC1A2",6506,"No","No","No"
"SLC45A3",85414,"No","No","No"
"SMARCA1",6594,"No","No","No"
"SNCAIP",9627,"No","No","No"
"SND1",27044,"No","No","No"
"SNX29",92017,"No","No","No"
"SOCS2",8835,"No","No","No"
"SOX10",6663,"No","No","No"
"SS18L1",26039,"No","No","No"
"STAT1",6772,"Yes","No","No"
"STAT2",6773,"Yes","No","No"
"STAT4",6775,"No","No","No"
"STIL",6491,"No","No","No"
"STRN",6801,"No","No","No"
"TAF1",6872,"No","No","No"
"TCEA1",6917,"No","No","No"
"TCF12",6938,"No","No","No"
"TCL1B",9623,"Yes","Yes","No"
"TEC",7006,"No","No","No"
"TERC",7012,"No","No","No"
"TFEB",7942,"No","No","No"
"TFPT",29844,"No","No","No"
"TFRC",7037,"No","No","No"
"TIPARP",25976,"No","No","No"
"TLE1",7088,"Yes","No","No"
"TLE2",7089,"Yes","No","No"
"TLE3",7090,"Yes","No","No"
"TLE4",7091,"Yes","No","No"
"TLL2",7093,"No","No","No"
"TMEM30A",55754,"No","No","No"
"TMSB4XP8",7117,"No","No","No"
"TNFRSF11A",8792,"No","No","No"
"TPR",7175,"No","No","No"
"TRIM27",5987,"No","No","No"
"TRIM33",51592,"No","No","No"
"TRRAP",8295,"No","No","No"
"TTL",150465,"No","No","No"
"TUSC3",7991,"No","No","No"
"TYRO3",7301,"No","No","No"
"WAS",7454,"No","No","No"
"WDCP",80304,"No","No","No"
"WDR90",197335,"No","No","No"
"WRN",7486,"No","No","No"
"XPA",7507,"No","No","No"
"XPC",7508,"No","No","No"
"YPEL5",51646,"No","No","No"
"YWHAE",7531,"No","No","No"
"YY1",7528,"Yes","Yes","No"
"YY1AP1",55249,"No","No","No"
"ZBTB20",26137,"Yes","Yes","Yes"
"ZBTB7A",51341,"No","No","No"
"ZFP36L1",677,"Yes","No","Yes"
"ZMYM3",9203,"No","No","No"
"ZNF24",7572,"No","No","No"
"ZNF331",55422,"No","No","No"
"ZNF750",79755,"Yes","No","Yes"
